{"cameraMode":{"drawMode":0,"name":"Shaded","section":"Shading Mode"},"sceneLighting":true,"audioPlay":false,"sceneViewState":{"showFog":true,"showMaterialUpdate":false,"showSkybox":true,"showFlares":true,"showImageEffects":true,"showParticleSystems":true},"in2DMode":false,"pivot":{"x":0.10119593143463135,"y":-5.757424831390381,"z":4.037312030792236},"rotation":{"x":0.044953200966119769,"y":0.037453267723321918,"z":-0.0016865344950929285,"w":0.998285710811615},"size":6.188594818115234,"orthographic":false}